<?xml version="1.0" encoding="UTF-8"?>
<project-private xmlns="http://www.netbeans.org/ns/project-private/1">
    <editor-bookmarks xmlns="http://www.netbeans.org/ns/editor-bookmarks/2" lastBookmarkId="0"/>
    <open-files xmlns="http://www.netbeans.org/ns/projectui-open-files/2">
        <group>
            <file>file:/C:/Users/VICTUS/Documents/NetBeansProjects/E-Magzine%20--Final%20Project/web/downloadDoc.jsp</file>
            <file>file:/C:/Users/VICTUS/Documents/NetBeansProjects/E-Magzine%20--Final%20Project/web/displayImage.jsp</file>
            <file>file:/C:/Users/VICTUS/Documents/NetBeansProjects/E-Magzine%20--Final%20Project/web/index.html</file>
            <file>file:/C:/Users/VICTUS/Documents/NetBeansProjects/E-Magzine%20--Final%20Project/web/Register%20page.html</file>
            <file>file:/C:/Users/VICTUS/Documents/NetBeansProjects/E-Magzine%20--Final%20Project/web/index_2.html</file>
            <file>file:/C:/Users/VICTUS/Documents/NetBeansProjects/E-Magzine%20--Final%20Project/web/img/ar2.png</file>
            <file>file:/C:/Users/VICTUS/Documents/NetBeansProjects/E-Magzine%20--Final%20Project/web/f2.html</file>
            <file>file:/C:/Users/VICTUS/Documents/NetBeansProjects/E-Magzine%20--Final%20Project/web/viewdoc.jsp</file>
            <file>file:/C:/Users/VICTUS/Documents/NetBeansProjects/E-Magzine%20--Final%20Project/web/img/ar3.png</file>
            <file>file:/C:/Users/VICTUS/Documents/NetBeansProjects/E-Magzine%20--Final%20Project/src/java/uploadfile.java</file>
            <file>file:/C:/Users/VICTUS/Documents/NetBeansProjects/E-Magzine%20--Final%20Project/web/HomePage.html</file>
            <file>file:/C:/Users/VICTUS/Documents/NetBeansProjects/E-Magzine%20--Final%20Project/web/Homepage-subcriber.html</file>
            <file>file:/C:/Users/VICTUS/Documents/NetBeansProjects/E-Magzine%20--Final%20Project/web/f3.html</file>
            <file>file:/C:/Users/VICTUS/Documents/NetBeansProjects/E-Magzine%20--Final%20Project/web/subcription.jsp</file>
            <file>file:/C:/Users/VICTUS/Documents/NetBeansProjects/E-Magzine%20--Final%20Project/web/uploadDocument.jsp</file>
            <file>file:/C:/Users/VICTUS/Documents/NetBeansProjects/E-Magzine%20--Final%20Project/web/server.js</file>
            <file>file:/C:/Users/VICTUS/Documents/NetBeansProjects/E-Magzine%20--Final%20Project/web/index_1.html</file>
            <file>file:/C:/Users/VICTUS/Documents/NetBeansProjects/E-Magzine%20--Final%20Project/web/subcription.html</file>
            <file>file:/C:/Users/VICTUS/Documents/NetBeansProjects/E-Magzine%20--Final%20Project/web/img/ar4.jpg</file>
            <file>file:/C:/Users/VICTUS/Documents/NetBeansProjects/E-Magzine%20--Final%20Project/web/Admincontrol.html</file>
            <file>file:/C:/Users/VICTUS/Documents/NetBeansProjects/E-Magzine%20--Final%20Project/web/f1.html</file>
            <file>file:/C:/Users/VICTUS/Documents/NetBeansProjects/E-Magzine%20--Final%20Project/web/login.jsp</file>
            <file>file:/C:/Users/VICTUS/Documents/NetBeansProjects/E-Magzine%20--Final%20Project/web/login.html</file>
            <file>file:/C:/Users/VICTUS/Documents/NetBeansProjects/E-Magzine%20--Final%20Project/web/index_3.html</file>
            <file>file:/C:/Users/VICTUS/Documents/NetBeansProjects/E-Magzine%20--Final%20Project/web/img/news-110x110-2.jpg</file>
            <file>file:/C:/Users/VICTUS/Documents/NetBeansProjects/E-Magzine%20--Final%20Project/web/register.jsp</file>
        </group>
    </open-files>
</project-private>
